benchmark,scope,task,disease,inference_key,inference_label,source_inference_name,embedding_inference_name,readout_key,readout_label,base_model_key,model_type,embedding_source,dataset_mode,gene_universe,cell_embedding_file,cell_representation,selected_output_model_key,selection_metric,validation_auprc,lr,weight_decay,batch_size,epochs,patience,seed,n_folds,n_cv_folds,test_fold,num_heads,att_hidden_dim,dropout,att_dropout,classifier_type,use_class_weights,pdl_pmax,pdl_proj_mode,pdl_proj_layers,source_pdl_impl_tag
corum,aggregate,corum,,lr_esm,ESM2,PINNACLE_model_globalsplit_ESM2_symmetric_PPI-True_GATv2_H64_lambda001_drop02_out32__ep150_bulk,PINNACLE_model_globalsplit_ESM2_symmetric_PPI-True_GATv2_H64_lambda001_drop02_out32__ep150_bulk,lr_esm,Linear probe; ESM2 sequence,lr_ext_embed,linear,esm,bulk,bulk_shared,,not_used_sequence_only,lr_ext_embed__hp_lr0p0001_wd0p0001_selauprc_cw1__emb_esm,val_auprc_macro_mean,0.3614135359395931,0.0001,0.0001,512,300,50,42,6,5,0,,,,,linear,True,,,,
corum,aggregate,corum,,lr_prostt5,ProstT5,s2gae_att_k1_fixed_do04,s2gae_att_k1_fixed_do04_uni5e6,lr_prostt5,Linear probe; ProstT5 sequence,lr_ext_embed,linear,prostt5,bulk,bulk_shared,,not_used_sequence_only,lr_ext_embed__hp_lr0p0001_wd0p0001_selauprc_cw1__emb_prostt5,val_auprc_macro_mean,0.3377203577126558,0.0001,0.0001,512,300,50,42,6,5,0,,,,,linear,True,,,,
corum,aggregate,corum,,s2gae_bce_uni,ProtScape,s2gae_att_k1_fixed_do04_uni5e6,s2gae_att_k1_fixed_do04_uni5e6,lr_hc_cell,Mean-pool LR; contextual instances,lr_hc_cell,linear,esm,bulk,bulk_shared,cell_embeddings.pt,canonical_contextualized,lr_hc_cell__hp_lr0p0001_wd0p0001_selauprc_cw1__emb_esm,val_auprc_macro_mean,0.6579558529939711,0.0001,0.0001,512,300,50,42,6,5,0,,,,,linear,True,,,,
corum,aggregate,corum,,s2gae_bce_uni,ProtScape,s2gae_att_k1_fixed_do04_uni5e6,s2gae_att_k1_fixed_do04_uni5e6,lr_hc_cell_esm,Mean-pool LR; contextual instances + ESM2,lr_hc_cell_ext_embed,linear,esm,bulk,bulk_shared,cell_embeddings.pt,canonical_contextualized,lr_hc_cell_ext_embed__hp_lr0p0001_wd0p0001_selauprc_cw1__emb_esm,val_auprc_macro_mean,0.5817532386579832,0.0001,0.0001,512,300,50,42,6,5,0,,,,,linear,True,,,,
corum,aggregate,corum,,s2gae_bce_uni,ProtScape,s2gae_att_k1_fixed_do04_uni5e6,s2gae_att_k1_fixed_do04_uni5e6,abmil8_hc_cell,ABMIL; contextual instances,abmil_hc_cell_gated_8,abmil,esm,bulk,bulk_shared,cell_embeddings.pt,canonical_contextualized,abmil_hc_cell_gated_8__hp_lr0p0001_att256_do0p4_wd0p0001_selauprc_cw1__emb_esm,val_auprc_macro_mean,0.7187313244006858,0.0001,0.0001,512,300,50,42,6,5,0,8.0,256.0,0.4,0.0,linear,True,,,,
corum,aggregate,corum,,s2gae_bce_uni,ProtScape,s2gae_att_k1_fixed_do04_uni5e6,s2gae_att_k1_fixed_do04_uni5e6,abmil8,ABMIL; contextual instances + ESM2,abmil_hc_cell_ext_embed_gated_8,abmil,esm,bulk,bulk_shared,cell_embeddings.pt,canonical_contextualized,abmil_hc_cell_ext_embed_gated_8__hp_lr0p0001_att256_do0p4_wd0p0001_selauprc_cw1__emb_esm,val_auprc_macro_mean,0.7006733443389125,0.0001,0.0001,512,300,50,42,6,5,0,8.0,256.0,0.4,0.0,linear,True,,,,
corum,aggregate,corum,,s2gae_bce_uni,ProtScape,s2gae_att_k1_fixed_do04_uni5e6,s2gae_att_k1_fixed_do04_uni5e6,abmil8_pdl_hc_cell,ABMIL-PDL; contextual instances,abmil_hc_cell_gated_8_pdl,abmil,esm,bulk,bulk_shared,cell_embeddings_before_pool.pt,pooled_before_cci,abmil_hc_cell_gated_8_pdl__hp_lr0p0001_att256_do0_pdl0p6_pdlimplnew_pdlprojidentity_pdlprojl2_wd0p0001_selauprc_cw1__emb_esm,val_auprc_macro_mean,0.7494080690957464,0.0001,0.0001,512,300,50,42,6,5,0,8.0,256.0,0.0,0.0,linear,True,0.6,identity,2.0,new
corum,aggregate,corum,,s2gae_bce_uni,ProtScape,s2gae_att_k1_fixed_do04_uni5e6,s2gae_att_k1_fixed_do04_uni5e6,abmil8_pdl_id2_dropout,ABMIL-PDL; contextual instances + ESM2,abmil_hc_cell_ext_embed_gated_8_pdl,abmil,esm,bulk,bulk_shared,cell_embeddings.pt,canonical_contextualized,abmil_hc_cell_ext_embed_gated_8_pdl__hp_lr0p0001_att256_do0_pdl0p5_pdlimplnew_pdlprojidentity_pdlprojl2_wd0p0001_selauprc_cw1__emb_esm,val_auprc_macro_mean,0.7338227091670255,0.0001,0.0001,512,300,50,42,6,5,0,8.0,256.0,0.0,0.0,linear,True,0.5,identity,2.0,new
corum,aggregate,corum,,s2gae_phuber_uni,ProtScape (pHuber),HCCTassignmentglobalsplit_ESM2symmetricPPI_attention128_s2gae_dm_mr05_dc512_dl2_do00_MG_bulk__lr001_ep300_phubertau100_ACM_RandomWalkconcat_H512L3_dropout04_regCTassignment1_unil000005_unit20_unid0,HCCTassignmentglobalsplit_ESM2symmetricPPI_attention128_s2gae_dm_mr05_dc512_dl2_do00_MG_bulk__lr001_ep300_phubertau100_ACM_RandomWalkconcat_H512L3_dropout04_regCTassignment1_unil000005_unit20_unid0,lr_hc_cell,Mean-pool LR; contextual instances,lr_hc_cell,linear,esm,bulk,bulk_shared,cell_embeddings_before_pool.pt,pooled_before_cci,lr_hc_cell__hp_lr0p0001_wd0p0001_selauprc_cw1__emb_esm,val_auprc_macro_mean,0.6787664474460161,0.0001,0.0001,512,300,50,42,6,5,0,,,,,linear,True,,,,
corum,aggregate,corum,,s2gae_phuber_uni,ProtScape (pHuber),HCCTassignmentglobalsplit_ESM2symmetricPPI_attention128_s2gae_dm_mr05_dc512_dl2_do00_MG_bulk__lr001_ep300_phubertau100_ACM_RandomWalkconcat_H512L3_dropout04_regCTassignment1_unil000005_unit20_unid0,HCCTassignmentglobalsplit_ESM2symmetricPPI_attention128_s2gae_dm_mr05_dc512_dl2_do00_MG_bulk__lr001_ep300_phubertau100_ACM_RandomWalkconcat_H512L3_dropout04_regCTassignment1_unil000005_unit20_unid0,lr_hc_cell_esm,Mean-pool LR; contextual instances + ESM2,lr_hc_cell_ext_embed,linear,esm,bulk,bulk_shared,cell_embeddings_before_pool.pt,pooled_before_cci,lr_hc_cell_ext_embed__hp_lr0p0001_wd0p0001_selauprc_cw1__emb_esm,val_auprc_macro_mean,0.5737947301112636,0.0001,0.0001,512,300,50,42,6,5,0,,,,,linear,True,,,,
corum,aggregate,corum,,s2gae_phuber_uni,ProtScape (pHuber),HCCTassignmentglobalsplit_ESM2symmetricPPI_attention128_s2gae_dm_mr05_dc512_dl2_do00_MG_bulk__lr001_ep300_phubertau100_ACM_RandomWalkconcat_H512L3_dropout04_regCTassignment1_unil000005_unit20_unid0,HCCTassignmentglobalsplit_ESM2symmetricPPI_attention128_s2gae_dm_mr05_dc512_dl2_do00_MG_bulk__lr001_ep300_phubertau100_ACM_RandomWalkconcat_H512L3_dropout04_regCTassignment1_unil000005_unit20_unid0,abmil8,ABMIL; contextual instances + ESM2,abmil_hc_cell_ext_embed_gated_8,abmil,esm,bulk,bulk_shared,cell_embeddings_before_pool.pt,pooled_before_cci,abmil_hc_cell_ext_embed_gated_8__hp_lr0p0001_att256_do0p4_wd0p0001_selauprc_cw1__emb_esm,val_auprc_macro_mean,0.6851506619587978,0.0001,0.0001,512,300,50,42,6,5,0,8.0,256.0,0.4,0.0,linear,True,,,,
corum,aggregate,corum,,s2gae_phuber_uni,ProtScape (pHuber),HCCTassignmentglobalsplit_ESM2symmetricPPI_attention128_s2gae_dm_mr05_dc512_dl2_do00_MG_bulk__lr001_ep300_phubertau100_ACM_RandomWalkconcat_H512L3_dropout04_regCTassignment1_unil000005_unit20_unid0,HCCTassignmentglobalsplit_ESM2symmetricPPI_attention128_s2gae_dm_mr05_dc512_dl2_do00_MG_bulk__lr001_ep300_phubertau100_ACM_RandomWalkconcat_H512L3_dropout04_regCTassignment1_unil000005_unit20_unid0,abmil8_pdl_hc_cell,ABMIL-PDL; contextual instances,abmil_hc_cell_gated_8_pdl,abmil,esm,bulk,bulk_shared,cell_embeddings_before_pool.pt,pooled_before_cci,abmil_hc_cell_gated_8_pdl__hp_lr0p0001_att256_do0_pdl0p6_pdlimplnew_pdlprojidentity_pdlprojl2_wd0p0001_selauprc_cw1__emb_esm,val_auprc_macro_mean,0.745669409507176,0.0001,0.0001,512,300,50,42,6,5,0,8.0,256.0,0.0,0.0,linear,True,0.6,identity,2.0,new
corum,aggregate,corum,,s2gae_phuber_uni,ProtScape (pHuber),HCCTassignmentglobalsplit_ESM2symmetricPPI_attention128_s2gae_dm_mr05_dc512_dl2_do00_MG_bulk__lr001_ep300_phubertau100_ACM_RandomWalkconcat_H512L3_dropout04_regCTassignment1_unil000005_unit20_unid0,HCCTassignmentglobalsplit_ESM2symmetricPPI_attention128_s2gae_dm_mr05_dc512_dl2_do00_MG_bulk__lr001_ep300_phubertau100_ACM_RandomWalkconcat_H512L3_dropout04_regCTassignment1_unil000005_unit20_unid0,abmil8_pdl_id2_dropout,ABMIL-PDL; contextual instances + ESM2,abmil_hc_cell_ext_embed_gated_8_pdl,abmil,esm,bulk,bulk_shared,cell_embeddings_before_pool.pt,pooled_before_cci,abmil_hc_cell_ext_embed_gated_8_pdl__hp_lr0p0001_att256_do0_pdl0p7_pdlimplnew_pdlprojidentity_pdlprojl2_wd0p0001_selauprc_cw1__emb_esm,val_auprc_macro_mean,0.7178020201202043,0.0001,0.0001,512,300,50,42,6,5,0,8.0,256.0,0.0,0.0,linear,True,0.7,identity,2.0,new
corum,aggregate,corum,,s2gae_l1_uni,ProtScape (L1),HCCTassignmentglobalsplit_ESM2symmetricPPI_attention128_s2gae_dm_mr05_dc512_dl2_do00_MG_bulk__lr001_ep300_l1_ACM_RandomWalkconcat_H512L3_regCTassignment1_unil000005_unit20_unid0,HCCTassignmentglobalsplit_ESM2symmetricPPI_attention128_s2gae_dm_mr05_dc512_dl2_do00_MG_bulk__lr001_ep300_l1_ACM_RandomWalkconcat_H512L3_regCTassignment1_unil000005_unit20_unid0,lr_hc_cell,Mean-pool LR; contextual instances,lr_hc_cell,linear,esm,bulk,bulk_shared,cell_embeddings_before_pool.pt,pooled_before_cci,lr_hc_cell__hp_lr0p0001_wd0p0001_selauprc_cw1__emb_esm,val_auprc_macro_mean,0.603969624774893,0.0001,0.0001,512,300,50,42,6,5,0,,,,,linear,True,,,,
corum,aggregate,corum,,s2gae_l1_uni,ProtScape (L1),HCCTassignmentglobalsplit_ESM2symmetricPPI_attention128_s2gae_dm_mr05_dc512_dl2_do00_MG_bulk__lr001_ep300_l1_ACM_RandomWalkconcat_H512L3_regCTassignment1_unil000005_unit20_unid0,HCCTassignmentglobalsplit_ESM2symmetricPPI_attention128_s2gae_dm_mr05_dc512_dl2_do00_MG_bulk__lr001_ep300_l1_ACM_RandomWalkconcat_H512L3_regCTassignment1_unil000005_unit20_unid0,lr_hc_cell_esm,Mean-pool LR; contextual instances + ESM2,lr_hc_cell_ext_embed,linear,esm,bulk,bulk_shared,cell_embeddings_before_pool.pt,pooled_before_cci,lr_hc_cell_ext_embed__hp_lr0p0001_wd0p0001_selauprc_cw1__emb_esm,val_auprc_macro_mean,0.5103270400313222,0.0001,0.0001,512,300,50,42,6,5,0,,,,,linear,True,,,,
corum,aggregate,corum,,s2gae_l1_uni,ProtScape (L1),HCCTassignmentglobalsplit_ESM2symmetricPPI_attention128_s2gae_dm_mr05_dc512_dl2_do00_MG_bulk__lr001_ep300_l1_ACM_RandomWalkconcat_H512L3_regCTassignment1_unil000005_unit20_unid0,HCCTassignmentglobalsplit_ESM2symmetricPPI_attention128_s2gae_dm_mr05_dc512_dl2_do00_MG_bulk__lr001_ep300_l1_ACM_RandomWalkconcat_H512L3_regCTassignment1_unil000005_unit20_unid0,abmil8,ABMIL; contextual instances + ESM2,abmil_hc_cell_ext_embed_gated_8,abmil,esm,bulk,bulk_shared,cell_embeddings_before_pool.pt,pooled_before_cci,abmil_hc_cell_ext_embed_gated_8__hp_lr0p0001_att256_do0p6_wd0p0001_selauprc_cw1__emb_esm,val_auprc_macro_mean,0.5956122867842057,0.0001,0.0001,512,300,50,42,6,5,0,8.0,256.0,0.6,0.0,linear,True,,,,
corum,aggregate,corum,,s2gae_l1_uni,ProtScape (L1),HCCTassignmentglobalsplit_ESM2symmetricPPI_attention128_s2gae_dm_mr05_dc512_dl2_do00_MG_bulk__lr001_ep300_l1_ACM_RandomWalkconcat_H512L3_regCTassignment1_unil000005_unit20_unid0,HCCTassignmentglobalsplit_ESM2symmetricPPI_attention128_s2gae_dm_mr05_dc512_dl2_do00_MG_bulk__lr001_ep300_l1_ACM_RandomWalkconcat_H512L3_regCTassignment1_unil000005_unit20_unid0,abmil8_pdl_hc_cell,ABMIL-PDL; contextual instances,abmil_hc_cell_gated_8_pdl,abmil,esm,bulk,bulk_shared,cell_embeddings_before_pool.pt,pooled_before_cci,abmil_hc_cell_gated_8_pdl__hp_lr0p0001_att256_do0_pdl0p5_pdlimplnew_pdlprojidentity_pdlprojl2_wd0p0001_selauprc_cw1__emb_esm,val_auprc_macro_mean,0.6483352917532534,0.0001,0.0001,512,300,50,42,6,5,0,8.0,256.0,0.0,0.0,linear,True,0.5,identity,2.0,new
corum,aggregate,corum,,s2gae_l1_uni,ProtScape (L1),HCCTassignmentglobalsplit_ESM2symmetricPPI_attention128_s2gae_dm_mr05_dc512_dl2_do00_MG_bulk__lr001_ep300_l1_ACM_RandomWalkconcat_H512L3_regCTassignment1_unil000005_unit20_unid0,HCCTassignmentglobalsplit_ESM2symmetricPPI_attention128_s2gae_dm_mr05_dc512_dl2_do00_MG_bulk__lr001_ep300_l1_ACM_RandomWalkconcat_H512L3_regCTassignment1_unil000005_unit20_unid0,abmil8_pdl_id2_dropout,ABMIL-PDL; contextual instances + ESM2,abmil_hc_cell_ext_embed_gated_8_pdl,abmil,esm,bulk,bulk_shared,cell_embeddings_before_pool.pt,pooled_before_cci,abmil_hc_cell_ext_embed_gated_8_pdl__hp_lr0p0001_att256_do0_pdl0p7_pdlimplnew_pdlprojidentity_pdlprojl2_wd0p0001_selauprc_cw1__emb_esm,val_auprc_macro_mean,0.637873769810781,0.0001,0.0001,512,300,50,42,6,5,0,8.0,256.0,0.0,0.0,linear,True,0.7,identity,2.0,new
corum,aggregate,corum,,pinnacle_esm,Pinnacle-ESM2 (GAT),PINNACLE_model_globalsplit_ESM2_symmetric_PPI-True_GATv2_H64_lambda001_drop02_out32__ep150_bulk,PINNACLE_model_globalsplit_ESM2_symmetric_PPI-True_GATv2_H64_lambda001_drop02_out32__ep150_bulk,lr_hc_cell,Mean-pool LR; contextual instances,lr_hc_cell,linear,esm,bulk,bulk_shared,cell_embeddings.pt,canonical_contextualized,lr_hc_cell__hp_lr0p0001_wd0p0001_selauprc_cw1__emb_esm,val_auprc_macro_mean,0.1552820138373161,0.0001,0.0001,512,300,50,42,6,5,0,,,,,linear,True,,,,
corum,aggregate,corum,,pinnacle_esm,Pinnacle-ESM2 (GAT),PINNACLE_model_globalsplit_ESM2_symmetric_PPI-True_GATv2_H64_lambda001_drop02_out32__ep150_bulk,PINNACLE_model_globalsplit_ESM2_symmetric_PPI-True_GATv2_H64_lambda001_drop02_out32__ep150_bulk,lr_hc_cell_esm,Mean-pool LR; contextual instances + ESM2,lr_hc_cell_ext_embed,linear,esm,bulk,bulk_shared,cell_embeddings.pt,canonical_contextualized,lr_hc_cell_ext_embed__hp_lr0p0001_wd0p0001_selauprc_cw1__emb_esm,val_auprc_macro_mean,0.3819131427420414,0.0001,0.0001,512,300,50,42,6,5,0,,,,,linear,True,,,,
corum,aggregate,corum,,pinnacle_esm,Pinnacle-ESM2 (GAT),PINNACLE_model_globalsplit_ESM2_symmetric_PPI-True_GATv2_H64_lambda001_drop02_out32__ep150_bulk,PINNACLE_model_globalsplit_ESM2_symmetric_PPI-True_GATv2_H64_lambda001_drop02_out32__ep150_bulk,abmil8_hc_cell,ABMIL; contextual instances,abmil_hc_cell_gated_8,abmil,esm,bulk,bulk_shared,cell_embeddings.pt,canonical_contextualized,abmil_hc_cell_gated_8__hp_lr0p0001_att256_do0p2_wd0p0001_selauprc_cw1__emb_esm,val_auprc_macro_mean,0.2454890606975595,0.0001,0.0001,512,300,50,42,6,5,0,8.0,256.0,0.2,0.0,linear,True,,,,
corum,aggregate,corum,,pinnacle_esm,Pinnacle-ESM2 (GAT),PINNACLE_model_globalsplit_ESM2_symmetric_PPI-True_GATv2_H64_lambda001_drop02_out32__ep150_bulk,PINNACLE_model_globalsplit_ESM2_symmetric_PPI-True_GATv2_H64_lambda001_drop02_out32__ep150_bulk,abmil8,ABMIL; contextual instances + ESM2,abmil_hc_cell_ext_embed_gated_8,abmil,esm,bulk,bulk_shared,cell_embeddings.pt,canonical_contextualized,abmil_hc_cell_ext_embed_gated_8__hp_lr0p0001_att256_do0p4_wd0p0001_selauprc_cw1__emb_esm,val_auprc_macro_mean,0.3865644162115788,0.0001,0.0001,512,300,50,42,6,5,0,8.0,256.0,0.4,0.0,linear,True,,,,
corum,aggregate,corum,,pinnacle_esm,Pinnacle-ESM2 (GAT),PINNACLE_model_globalsplit_ESM2_symmetric_PPI-True_GATv2_H64_lambda001_drop02_out32__ep150_bulk,PINNACLE_model_globalsplit_ESM2_symmetric_PPI-True_GATv2_H64_lambda001_drop02_out32__ep150_bulk,abmil8_pdl_hc_cell,ABMIL-PDL; contextual instances,abmil_hc_cell_gated_8_pdl,abmil,esm,bulk,bulk_shared,cell_embeddings.pt,canonical_contextualized,abmil_hc_cell_gated_8_pdl__hp_lr0p0001_att256_do0_pdl0p5_pdlimplnew_pdlprojidentity_pdlprojl2_wd0p0001_selauprc_cw1__emb_esm,val_auprc_macro_mean,0.356034006147269,0.0001,0.0001,512,300,50,42,6,5,0,8.0,256.0,0.0,0.0,linear,True,0.5,identity,2.0,new
corum,aggregate,corum,,pinnacle_esm,Pinnacle-ESM2 (GAT),PINNACLE_model_globalsplit_ESM2_symmetric_PPI-True_GATv2_H64_lambda001_drop02_out32__ep150_bulk,PINNACLE_model_globalsplit_ESM2_symmetric_PPI-True_GATv2_H64_lambda001_drop02_out32__ep150_bulk,abmil8_pdl_id2_dropout,ABMIL-PDL; contextual instances + ESM2,abmil_hc_cell_ext_embed_gated_8_pdl,abmil,esm,bulk,bulk_shared,cell_embeddings.pt,canonical_contextualized,abmil_hc_cell_ext_embed_gated_8_pdl__hp_lr0p0001_att256_do0_pdl0p2_pdlimplnew_pdlprojidentity_pdlprojl2_wd0p0001_selauprc_cw1__emb_esm,val_auprc_macro_mean,0.4286607122726042,0.0001,0.0001,512,300,50,42,6,5,0,8.0,256.0,0.0,0.0,linear,True,0.2,identity,2.0,new
corum,aggregate,corum,,pinnacle_random,Pinnacle,PINNACLE_model_globalsplit_random_symmetric_PPI-True_GATv2_H64_lambda001_drop02_out32__ep150_bulk,PINNACLE_model_globalsplit_random_symmetric_PPI-True_GATv2_H64_lambda001_drop02_out32__ep150_bulk,lr_hc_cell,Mean-pool LR; contextual instances,lr_hc_cell,linear,esm,bulk,bulk_shared,cell_embeddings.pt,canonical_contextualized,lr_hc_cell__hp_lr0p0001_wd0p0001_selauprc_cw1__emb_esm,val_auprc_macro_mean,0.1823912644603403,0.0001,0.0001,512,300,50,42,6,5,0,,,,,linear,True,,,,
corum,aggregate,corum,,pinnacle_random,Pinnacle,PINNACLE_model_globalsplit_random_symmetric_PPI-True_GATv2_H64_lambda001_drop02_out32__ep150_bulk,PINNACLE_model_globalsplit_random_symmetric_PPI-True_GATv2_H64_lambda001_drop02_out32__ep150_bulk,lr_hc_cell_esm,Mean-pool LR; contextual instances + ESM2,lr_hc_cell_ext_embed,linear,esm,bulk,bulk_shared,cell_embeddings.pt,canonical_contextualized,lr_hc_cell_ext_embed__hp_lr0p0001_wd0p0001_selauprc_cw1__emb_esm,val_auprc_macro_mean,0.3864817400653183,0.0001,0.0001,512,300,50,42,6,5,0,,,,,linear,True,,,,
corum,aggregate,corum,,pinnacle_random,Pinnacle,PINNACLE_model_globalsplit_random_symmetric_PPI-True_GATv2_H64_lambda001_drop02_out32__ep150_bulk,PINNACLE_model_globalsplit_random_symmetric_PPI-True_GATv2_H64_lambda001_drop02_out32__ep150_bulk,abmil8_hc_cell,ABMIL; contextual instances,abmil_hc_cell_gated_8,abmil,esm,bulk,bulk_shared,cell_embeddings.pt,canonical_contextualized,abmil_hc_cell_gated_8__hp_lr0p0001_att256_do0_wd0p0001_selauprc_cw1__emb_esm,val_auprc_macro_mean,0.2989194905618896,0.0001,0.0001,512,300,50,42,6,5,0,8.0,256.0,0.0,0.0,linear,True,,,,
corum,aggregate,corum,,pinnacle_random,Pinnacle,PINNACLE_model_globalsplit_random_symmetric_PPI-True_GATv2_H64_lambda001_drop02_out32__ep150_bulk,PINNACLE_model_globalsplit_random_symmetric_PPI-True_GATv2_H64_lambda001_drop02_out32__ep150_bulk,abmil8,ABMIL; contextual instances + ESM2,abmil_hc_cell_ext_embed_gated_8,abmil,esm,bulk,bulk_shared,cell_embeddings.pt,canonical_contextualized,abmil_hc_cell_ext_embed_gated_8__hp_lr0p0001_att256_do0p4_wd0p0001_selauprc_cw1__emb_esm,val_auprc_macro_mean,0.4041198414703644,0.0001,0.0001,512,300,50,42,6,5,0,8.0,256.0,0.4,0.0,linear,True,,,,
corum,aggregate,corum,,pinnacle_random,Pinnacle,PINNACLE_model_globalsplit_random_symmetric_PPI-True_GATv2_H64_lambda001_drop02_out32__ep150_bulk,PINNACLE_model_globalsplit_random_symmetric_PPI-True_GATv2_H64_lambda001_drop02_out32__ep150_bulk,abmil8_pdl_hc_cell,ABMIL-PDL; contextual instances,abmil_hc_cell_gated_8_pdl,abmil,esm,bulk,bulk_shared,cell_embeddings.pt,canonical_contextualized,abmil_hc_cell_gated_8_pdl__hp_lr0p0001_att256_do0_pdl0p6_pdlimplnew_pdlprojidentity_pdlprojl2_wd0p0001_selauprc_cw1__emb_esm,val_auprc_macro_mean,0.42791750448345267,0.0001,0.0001,512,300,50,42,6,5,0,8.0,256.0,0.0,0.0,linear,True,0.6,identity,2.0,new
corum,aggregate,corum,,pinnacle_random,Pinnacle,PINNACLE_model_globalsplit_random_symmetric_PPI-True_GATv2_H64_lambda001_drop02_out32__ep150_bulk,PINNACLE_model_globalsplit_random_symmetric_PPI-True_GATv2_H64_lambda001_drop02_out32__ep150_bulk,abmil8_pdl_id2_dropout,ABMIL-PDL; contextual instances + ESM2,abmil_hc_cell_ext_embed_gated_8_pdl,abmil,esm,bulk,bulk_shared,cell_embeddings.pt,canonical_contextualized,abmil_hc_cell_ext_embed_gated_8_pdl__hp_lr0p0001_att256_do0_pdl0p2_pdlimplnew_pdlprojidentity_pdlprojl2_wd0p0001_selauprc_cw1__emb_esm,val_auprc_macro_mean,0.4582274510746401,0.0001,0.0001,512,300,50,42,6,5,0,8.0,256.0,0.0,0.0,linear,True,0.2,identity,2.0,new
corum,aggregate,corum,,gae_bce,ProtScape-GAE,gae_att_fixed_do06_ep300,gae_att_fixed_do06_ep300,lr_hc_cell,Mean-pool LR; contextual instances,lr_hc_cell,linear,esm,bulk,bulk_shared,cell_embeddings.pt,canonical_contextualized,lr_hc_cell__hp_lr0p0001_wd0p0001_selauprc_cw1__emb_esm,val_auprc_macro_mean,0.4421447233430174,0.0001,0.0001,512,300,50,42,6,5,0,,,,,linear,True,,,,
corum,aggregate,corum,,gae_bce,ProtScape-GAE,gae_att_fixed_do06_ep300,gae_att_fixed_do06_ep300,lr_hc_cell_esm,Mean-pool LR; contextual instances + ESM2,lr_hc_cell_ext_embed,linear,esm,bulk,bulk_shared,cell_embeddings.pt,canonical_contextualized,lr_hc_cell_ext_embed__hp_lr0p0001_wd0p0001_selauprc_cw1__emb_esm,val_auprc_macro_mean,0.4605135487596875,0.0001,0.0001,512,300,50,42,6,5,0,,,,,linear,True,,,,
corum,aggregate,corum,,gae_bce,ProtScape-GAE,gae_att_fixed_do06_ep300,gae_att_fixed_do06_ep300,abmil8_hc_cell,ABMIL; contextual instances,abmil_hc_cell_gated_8,abmil,esm,bulk,bulk_shared,cell_embeddings.pt,canonical_contextualized,abmil_hc_cell_gated_8__hp_lr0p0001_att256_do0p6_wd0p0001_selauprc_cw1__emb_esm,val_auprc_macro_mean,0.5721112305139378,0.0001,0.0001,512,300,50,42,6,5,0,8.0,256.0,0.6,0.0,linear,True,,,,
corum,aggregate,corum,,gae_bce,ProtScape-GAE,gae_att_fixed_do06_ep300,gae_att_fixed_do06_ep300,abmil8,ABMIL; contextual instances + ESM2,abmil_hc_cell_ext_embed_gated_8,abmil,esm,bulk,bulk_shared,cell_embeddings.pt,canonical_contextualized,abmil_hc_cell_ext_embed_gated_8__hp_lr0p0001_att256_do0p6_wd0p0001_selauprc_cw1__emb_esm,val_auprc_macro_mean,0.5664513576165379,0.0001,0.0001,512,300,50,42,6,5,0,8.0,256.0,0.6,0.0,linear,True,,,,
corum,aggregate,corum,,gae_bce,ProtScape-GAE,gae_att_fixed_do06_ep300,gae_att_fixed_do06_ep300,abmil8_pdl_hc_cell,ABMIL-PDL; contextual instances,abmil_hc_cell_gated_8_pdl,abmil,esm,bulk,bulk_shared,cell_embeddings.pt,canonical_contextualized,abmil_hc_cell_gated_8_pdl__hp_lr0p0001_att256_do0_pdl0p6_pdlimplnew_pdlprojidentity_pdlprojl2_wd0p0001_selauprc_cw1__emb_esm,val_auprc_macro_mean,0.6497050159506017,0.0001,0.0001,512,300,50,42,6,5,0,8.0,256.0,0.0,0.0,linear,True,0.6,identity,2.0,new
corum,aggregate,corum,,gae_bce,ProtScape-GAE,gae_att_fixed_do06_ep300,gae_att_fixed_do06_ep300,abmil8_pdl_id2_dropout,ABMIL-PDL; contextual instances + ESM2,abmil_hc_cell_ext_embed_gated_8_pdl,abmil,esm,bulk,bulk_shared,cell_embeddings.pt,canonical_contextualized,abmil_hc_cell_ext_embed_gated_8_pdl__hp_lr0p0001_att256_do0_pdl0p3_pdlimplnew_pdlprojidentity_pdlprojl2_wd0p0001_selauprc_cw1__emb_esm,val_auprc_macro_mean,0.6305834037939066,0.0001,0.0001,512,300,50,42,6,5,0,8.0,256.0,0.0,0.0,linear,True,0.3,identity,2.0,new
corum,aggregate,corum,,pinnacle_acm,Pinnacle-ESM2 (ACM),PINNACLE_model_globalsplit_ESM2_symmetric_PPI-True_ACM_RandomWalk_H64_lambda001_drop02_out64__ep150_bulk,PINNACLE_model_globalsplit_ESM2_symmetric_PPI-True_ACM_RandomWalk_H64_lambda001_drop02_out64__ep150_bulk,lr_hc_cell,Mean-pool LR; contextual instances,lr_hc_cell,linear,esm,bulk,bulk_shared,cell_embeddings.pt,canonical_contextualized,lr_hc_cell__hp_lr0p0001_wd0p0001_selauprc_cw1__emb_esm,val_auprc_macro_mean,0.1028190876773157,0.0001,0.0001,512,300,50,42,6,5,0,,,,,linear,True,,,,
corum,aggregate,corum,,pinnacle_acm,Pinnacle-ESM2 (ACM),PINNACLE_model_globalsplit_ESM2_symmetric_PPI-True_ACM_RandomWalk_H64_lambda001_drop02_out64__ep150_bulk,PINNACLE_model_globalsplit_ESM2_symmetric_PPI-True_ACM_RandomWalk_H64_lambda001_drop02_out64__ep150_bulk,lr_hc_cell_esm,Mean-pool LR; contextual instances + ESM2,lr_hc_cell_ext_embed,linear,esm,bulk,bulk_shared,cell_embeddings.pt,canonical_contextualized,lr_hc_cell_ext_embed__hp_lr0p0001_wd0p0001_selauprc_cw1__emb_esm,val_auprc_macro_mean,0.3743580943815169,0.0001,0.0001,512,300,50,42,6,5,0,,,,,linear,True,,,,
corum,aggregate,corum,,pinnacle_acm,Pinnacle-ESM2 (ACM),PINNACLE_model_globalsplit_ESM2_symmetric_PPI-True_ACM_RandomWalk_H64_lambda001_drop02_out64__ep150_bulk,PINNACLE_model_globalsplit_ESM2_symmetric_PPI-True_ACM_RandomWalk_H64_lambda001_drop02_out64__ep150_bulk,abmil8_hc_cell,ABMIL; contextual instances,abmil_hc_cell_gated_8,abmil,esm,bulk,bulk_shared,cell_embeddings.pt,canonical_contextualized,abmil_hc_cell_gated_8__hp_lr0p0001_att256_do0_wd0p0001_selauprc_cw1__emb_esm,val_auprc_macro_mean,0.2279495020699927,0.0001,0.0001,512,300,50,42,6,5,0,8.0,256.0,0.0,0.0,linear,True,,,,
corum,aggregate,corum,,pinnacle_acm,Pinnacle-ESM2 (ACM),PINNACLE_model_globalsplit_ESM2_symmetric_PPI-True_ACM_RandomWalk_H64_lambda001_drop02_out64__ep150_bulk,PINNACLE_model_globalsplit_ESM2_symmetric_PPI-True_ACM_RandomWalk_H64_lambda001_drop02_out64__ep150_bulk,abmil8,ABMIL; contextual instances + ESM2,abmil_hc_cell_ext_embed_gated_8,abmil,esm,bulk,bulk_shared,cell_embeddings.pt,canonical_contextualized,abmil_hc_cell_ext_embed_gated_8__hp_lr0p0001_att256_do0_wd0p0001_selauprc_cw1__emb_esm,val_auprc_macro_mean,0.3911208577659177,0.0001,0.0001,512,300,50,42,6,5,0,8.0,256.0,0.0,0.0,linear,True,,,,
corum,aggregate,corum,,pinnacle_acm,Pinnacle-ESM2 (ACM),PINNACLE_model_globalsplit_ESM2_symmetric_PPI-True_ACM_RandomWalk_H64_lambda001_drop02_out64__ep150_bulk,PINNACLE_model_globalsplit_ESM2_symmetric_PPI-True_ACM_RandomWalk_H64_lambda001_drop02_out64__ep150_bulk,abmil8_pdl_hc_cell,ABMIL-PDL; contextual instances,abmil_hc_cell_gated_8_pdl,abmil,esm,bulk,bulk_shared,cell_embeddings.pt,canonical_contextualized,abmil_hc_cell_gated_8_pdl__hp_lr0p0001_att256_do0_pdl0p3_pdlimplnew_pdlprojidentity_pdlprojl2_wd0p0001_selauprc_cw1__emb_esm,val_auprc_macro_mean,0.31737601386049363,0.0001,0.0001,512,300,50,42,6,5,0,8.0,256.0,0.0,0.0,linear,True,0.3,identity,2.0,new
corum,aggregate,corum,,pinnacle_acm,Pinnacle-ESM2 (ACM),PINNACLE_model_globalsplit_ESM2_symmetric_PPI-True_ACM_RandomWalk_H64_lambda001_drop02_out64__ep150_bulk,PINNACLE_model_globalsplit_ESM2_symmetric_PPI-True_ACM_RandomWalk_H64_lambda001_drop02_out64__ep150_bulk,abmil8_pdl_id2_dropout,ABMIL-PDL; contextual instances + ESM2,abmil_hc_cell_ext_embed_gated_8_pdl,abmil,esm,bulk,bulk_shared,cell_embeddings.pt,canonical_contextualized,abmil_hc_cell_ext_embed_gated_8_pdl__hp_lr0p0001_att256_do0_pdl0p4_pdlimplnew_pdlprojidentity_pdlprojl2_wd0p0001_selauprc_cw1__emb_esm,val_auprc_macro_mean,0.3917033413062526,0.0001,0.0001,512,300,50,42,6,5,0,8.0,256.0,0.0,0.0,linear,True,0.4,identity,2.0,new
corum,per_complex,corum,,lr_esm,ESM2,PINNACLE_model_globalsplit_ESM2_symmetric_PPI-True_GATv2_H64_lambda001_drop02_out32__ep150_bulk,PINNACLE_model_globalsplit_ESM2_symmetric_PPI-True_GATv2_H64_lambda001_drop02_out32__ep150_bulk,lr_esm,Linear probe; ESM2 sequence,lr_ext_embed,linear,esm,bulk,bulk_shared,,not_used_sequence_only,lr_ext_embed__hp_lr0p0001_wd0p0001_selauprc_cw1__emb_esm,val_auprc_macro_mean,0.3614135359395931,0.0001,0.0001,512,300,50,42,6,5,0,,,,,linear,True,,,,
corum,per_complex,corum,,lr_prostt5,ProstT5,s2gae_att_k1_fixed_do04,s2gae_att_k1_fixed_do04_uni5e6,lr_prostt5,Linear probe; ProstT5 sequence,lr_ext_embed,linear,prostt5,bulk,bulk_shared,,not_used_sequence_only,lr_ext_embed__hp_lr0p0001_wd0p0001_selauprc_cw1__emb_prostt5,val_auprc_macro_mean,0.3377203577126558,0.0001,0.0001,512,300,50,42,6,5,0,,,,,linear,True,,,,
corum,per_complex,corum,,pinnacle_random,Pinnacle,PINNACLE_model_globalsplit_random_symmetric_PPI-True_GATv2_H64_lambda001_drop02_out32__ep150_bulk,PINNACLE_model_globalsplit_random_symmetric_PPI-True_GATv2_H64_lambda001_drop02_out32__ep150_bulk,abmil8_pdl_id2_dropout,ABMIL-PDL; contextual instances + ESM2,abmil_hc_cell_ext_embed_gated_8_pdl,abmil,esm,bulk,bulk_shared,cell_embeddings.pt,canonical_contextualized,abmil_hc_cell_ext_embed_gated_8_pdl__hp_lr0p0001_att256_do0_pdl0p2_pdlimplnew_pdlprojidentity_pdlprojl2_wd0p0001_selauprc_cw1__emb_esm,val_auprc_macro_mean,0.4582274510746401,0.0001,0.0001,512,300,50,42,6,5,0,8.0,256.0,0.0,0.0,linear,True,0.2,identity,2.0,new
corum,per_complex,corum,,pinnacle_esm,Pinnacle-ESM2 (GAT),PINNACLE_model_globalsplit_ESM2_symmetric_PPI-True_GATv2_H64_lambda001_drop02_out32__ep150_bulk,PINNACLE_model_globalsplit_ESM2_symmetric_PPI-True_GATv2_H64_lambda001_drop02_out32__ep150_bulk,abmil8_pdl_id2_dropout,ABMIL-PDL; contextual instances + ESM2,abmil_hc_cell_ext_embed_gated_8_pdl,abmil,esm,bulk,bulk_shared,cell_embeddings.pt,canonical_contextualized,abmil_hc_cell_ext_embed_gated_8_pdl__hp_lr0p0001_att256_do0_pdl0p2_pdlimplnew_pdlprojidentity_pdlprojl2_wd0p0001_selauprc_cw1__emb_esm,val_auprc_macro_mean,0.4286607122726042,0.0001,0.0001,512,300,50,42,6,5,0,8.0,256.0,0.0,0.0,linear,True,0.2,identity,2.0,new
corum,per_complex,corum,,pinnacle_acm,Pinnacle-ESM2 (ACM),PINNACLE_model_globalsplit_ESM2_symmetric_PPI-True_ACM_RandomWalk_H64_lambda001_drop02_out64__ep150_bulk,PINNACLE_model_globalsplit_ESM2_symmetric_PPI-True_ACM_RandomWalk_H64_lambda001_drop02_out64__ep150_bulk,abmil8_pdl_id2_dropout,ABMIL-PDL; contextual instances + ESM2,abmil_hc_cell_ext_embed_gated_8_pdl,abmil,esm,bulk,bulk_shared,cell_embeddings.pt,canonical_contextualized,abmil_hc_cell_ext_embed_gated_8_pdl__hp_lr0p0001_att256_do0_pdl0p4_pdlimplnew_pdlprojidentity_pdlprojl2_wd0p0001_selauprc_cw1__emb_esm,val_auprc_macro_mean,0.3917033413062526,0.0001,0.0001,512,300,50,42,6,5,0,8.0,256.0,0.0,0.0,linear,True,0.4,identity,2.0,new
corum,per_complex,corum,,gae_bce,ProtScape-GAE,gae_att_fixed_do06_ep300,gae_att_fixed_do06_ep300,abmil8_pdl_id2_dropout,ABMIL-PDL; contextual instances + ESM2,abmil_hc_cell_ext_embed_gated_8_pdl,abmil,esm,bulk,bulk_shared,cell_embeddings.pt,canonical_contextualized,abmil_hc_cell_ext_embed_gated_8_pdl__hp_lr0p0001_att256_do0_pdl0p3_pdlimplnew_pdlprojidentity_pdlprojl2_wd0p0001_selauprc_cw1__emb_esm,val_auprc_macro_mean,0.6305834037939066,0.0001,0.0001,512,300,50,42,6,5,0,8.0,256.0,0.0,0.0,linear,True,0.3,identity,2.0,new
corum,per_complex,corum,,s2gae_bce_uni,ProtScape,s2gae_att_k1_fixed_do04_uni5e6,s2gae_att_k1_fixed_do04_uni5e6,abmil8_pdl_id2_dropout,ABMIL-PDL; contextual instances + ESM2,abmil_hc_cell_ext_embed_gated_8_pdl,abmil,esm,bulk,bulk_shared,cell_embeddings.pt,canonical_contextualized,abmil_hc_cell_ext_embed_gated_8_pdl__hp_lr0p0001_att256_do0_pdl0p5_pdlimplnew_pdlprojidentity_pdlprojl2_wd0p0001_selauprc_cw1__emb_esm,val_auprc_macro_mean,0.7338227091670255,0.0001,0.0001,512,300,50,42,6,5,0,8.0,256.0,0.0,0.0,linear,True,0.5,identity,2.0,new
corum,aggregate,corum,,s2gae_phuber_uni,ProtScape (pHuber),HCCTassignmentglobalsplit_ESM2symmetricPPI_attention128_s2gae_dm_mr05_dc512_dl2_do00_MG_bulk__lr001_ep300_phubertau100_ACM_RandomWalkconcat_H512L3_dropout04_regCTassignment1_unil000005_unit20_unid0,HCCTassignmentglobalsplit_ESM2symmetricPPI_attention128_s2gae_dm_mr05_dc512_dl2_do00_MG_bulk__lr001_ep300_phubertau100_ACM_RandomWalkconcat_H512L3_dropout04_regCTassignment1_unil000005_unit20_unid0,abmil8_hc_cell,ABMIL; contextual instances,abmil_hc_cell_gated_8,abmil,esm,bulk,bulk_shared,cell_embeddings_before_pool.pt,pooled_before_cci,abmil_hc_cell_gated_8__hp_lr0p0001_att256_do0p6_wd0p0001_selauprc_cw1__emb_esm,val_auprc_macro_mean,0.7033918094858326,0.0001,0.0001,512,300,50,42,6,5,0,8.0,256.0,0.6,0.0,linear,True,,,,
corum,aggregate,corum,,s2gae_l1_uni,ProtScape (L1),HCCTassignmentglobalsplit_ESM2symmetricPPI_attention128_s2gae_dm_mr05_dc512_dl2_do00_MG_bulk__lr001_ep300_l1_ACM_RandomWalkconcat_H512L3_regCTassignment1_unil000005_unit20_unid0,HCCTassignmentglobalsplit_ESM2symmetricPPI_attention128_s2gae_dm_mr05_dc512_dl2_do00_MG_bulk__lr001_ep300_l1_ACM_RandomWalkconcat_H512L3_regCTassignment1_unil000005_unit20_unid0,abmil8_hc_cell,ABMIL; contextual instances,abmil_hc_cell_gated_8,abmil,esm,bulk,bulk_shared,cell_embeddings_before_pool.pt,pooled_before_cci,abmil_hc_cell_gated_8__hp_lr0p0001_att256_do0_wd0p0001_selauprc_cw1__emb_esm,val_auprc_macro_mean,0.6001375374307333,0.0001,0.0001,512,300,50,42,6,5,0,8.0,256.0,0.0,0.0,linear,True,,,,
corum,aggregate,corum,,gae_att_uni,gae_att_uni,gae_att_fixed_do06_ep300_uni5e-5,gae_att_fixed_do06_ep300_uni5e-5,abmil8_pdl_id2_dropout,ABMIL-PDL; contextual instances + ESM2,abmil_hc_cell_ext_embed_gated_8_pdl,abmil,esm,bulk,bulk_shared,cell_embeddings.pt,canonical_contextualized,abmil_hc_cell_ext_embed_gated_8_pdl__hp_lr0p0001_att256_do0_pdl0p2_pdlprojidentity_pdlprojl2_wd0p0001_selauprc_cw1__emb_esm,val_auprc_macro_mean,0.667216375133322,0.0001,0.0001,512,300,50,42,6,5,0,8,256,0.0,0.0,linear,True,0.2,identity,2,new
corum,aggregate,corum,,gae_vn,gae_vn,gae_vn_fixed_do04_ep300,gae_vn_fixed_do04_ep300,abmil8_pdl_id2_dropout,ABMIL-PDL; contextual instances + ESM2,abmil_hc_cell_ext_embed_gated_8_pdl,abmil,esm,bulk,bulk_shared,cell_embeddings.pt,canonical_contextualized,abmil_hc_cell_ext_embed_gated_8_pdl__hp_lr0p0001_att256_do0_pdl0p6_pdlimplnew_pdlprojidentity_pdlprojl2_wd0p0001_selauprc_cw1__emb_esm,val_auprc_macro_mean,0.637586,0.0001,0.0001,512,300,50,42,6,5,0,8,256,0.0,0.0,linear,True,0.6,identity,2,new
corum,aggregate,corum,,gae_vn_uni,gae_vn_uni,gae_vn_fixed_do04_ep300_uni5e-5,gae_vn_fixed_do04_ep300_uni5e-5,abmil8_pdl_id2_dropout,ABMIL-PDL; contextual instances + ESM2,abmil_hc_cell_ext_embed_gated_8_pdl,abmil,esm,bulk,bulk_shared,cell_embeddings.pt,canonical_contextualized,abmil_hc_cell_ext_embed_gated_8_pdl__hp_lr0p0001_att256_do0_pdl0p7_pdlprojidentity_pdlprojl2_wd0p0001_selauprc_cw1__emb_esm,val_auprc_macro_mean,0.6506991719771684,0.0001,0.0001,512,300,50,42,6,5,0,8,256,0.0,0.0,linear,True,0.7,identity,2,new
corum,aggregate,corum,,gae_lvn,gae_lvn,gae_learnedvn_fixed_do06_ep300,gae_learnedvn_fixed_do06_ep300,abmil8_pdl_id2_dropout,ABMIL-PDL; contextual instances + ESM2,abmil_hc_cell_ext_embed_gated_8_pdl,abmil,esm,bulk,bulk_shared,cell_embeddings.pt,canonical_contextualized,abmil_hc_cell_ext_embed_gated_8_pdl__hp_lr0p0001_att256_do0_pdl0p7_pdlimplnew_pdlprojidentity_pdlprojl2_wd0p0001_selauprc_cw1__emb_esm,val_auprc_macro_mean,0.634863,0.0001,0.0001,512,300,50,42,6,5,0,8,256,0.0,0.0,linear,True,0.7,identity,2,new
corum,aggregate,corum,,gae_lvn_uni,gae_lvn_uni,gae_learnedvn_fixed_do06_ep300_uni5e-5,gae_learnedvn_fixed_do06_ep300_uni5e-5,abmil8_pdl_id2_dropout,ABMIL-PDL; contextual instances + ESM2,abmil_hc_cell_ext_embed_gated_8_pdl,abmil,esm,bulk,bulk_shared,cell_embeddings.pt,canonical_contextualized,abmil_hc_cell_ext_embed_gated_8_pdl__hp_lr0p0001_att256_do0_pdl0p3_pdlprojidentity_pdlprojl2_wd0p0001_selauprc_cw1__emb_esm,val_auprc_macro_mean,0.634027754141832,0.0001,0.0001,512,300,50,42,6,5,0,8,256,0.0,0.0,linear,True,0.3,identity,2,new
corum,aggregate,corum,,s2gae_att,s2gae_att,s2gae_att_k1_fixed_do04,s2gae_att_k1_fixed_do04,abmil8_pdl_id2_dropout,ABMIL-PDL; contextual instances + ESM2,abmil_hc_cell_ext_embed_gated_8_pdl,abmil,esm,bulk,bulk_shared,cell_embeddings.pt,canonical_contextualized,abmil_hc_cell_ext_embed_gated_8_pdl__hp_lr0p0001_att256_do0_pdl0p5_pdlimplnew_pdlprojidentity_pdlprojl2_wd0p0001_selauprc_cw1__emb_esm,val_auprc_macro_mean,0.737958,0.0001,0.0001,512,300,50,42,6,5,0,8,256,0.0,0.0,linear,True,0.5,identity,2,new
